M,tempscreacio,tempsbocom,tempsdolcom,compbo,compdol
1,9e-05,0.00027814,0.000466563,501.485,1000
2,0.000102,0.000136176,0.000222079,251.058,500.043
3,7.8e-05,8.99314e-05,0.000148182,167.719,333.893
4,7.5e-05,6.6232e-05,0.000110099,126.298,250.098
5,7.6e-05,5.95335e-05,9.94435e-05,100.812,200.367
6,0.000157,4.76849e-05,7.88779e-05,84.2813,166.865
7,7.6e-05,3.80001e-05,6.25025e-05,72.535,142.238
8,7.6e-05,3.36389e-05,5.54181e-05,63.4846,124.986
9,7.6e-05,2.94214e-05,4.81414e-05,56.6975,111.191
10,7.7e-05,2.84645e-05,4.64364e-05,50.8073,100.331
11,7.7e-05,2.43892e-05,3.94883e-05,46.6027,90.6755
12,7.7e-05,2.30187e-05,3.69105e-05,42.7356,83.7772
13,7.6e-05,2.06071e-05,3.41994e-05,39.2271,77.0427
14,7.5e-05,1.96268e-05,3.27813e-05,37.0434,71.6857
15,7.7e-05,1.84585e-05,3.02716e-05,34.0934,66.7345
16,0.000105,1.69607e-05,2.74924e-05,32.2069,62.765
17,7.6e-05,1.59521e-05,2.61282e-05,30.454,58.9003
18,7.5e-05,1.50944e-05,2.44669e-05,28.6667,55.5849
19,7.9e-05,1.471e-05,2.37294e-05,27.3387,52.8647
20,9.8e-05,1.4065e-05,2.30437e-05,25.9163,50.3052
21,7.7e-05,1.31509e-05,2.10875e-05,24.9688,47.5473
22,9.7e-05,1.26162e-05,2.01221e-05,23.8803,45.5666
23,7.7e-05,1.29506e-05,2.05066e-05,22.6662,43.5209
24,7.5e-05,1.14961e-05,1.8411e-05,21.777,41.9156
25,7.5e-05,1.13525e-05,1.79512e-05,21.2869,40.0631
26,7.6e-05,1.06207e-05,1.71719e-05,19.9524,38.6419
27,7.8e-05,1.0537e-05,1.65595e-05,19.655,37.1353
28,9.2e-05,1.15548e-05,1.77731e-05,18.922,35.8372
29,7.6e-05,9.91069e-06,1.57243e-05,18.2896,34.8383
30,7.7e-05,9.37657e-06,1.4825e-05,17.6667,33.6246
31,7.6e-05,9.17064e-06,1.42421e-05,17.3519,32.2747
32,7.5e-05,8.94936e-06,1.40692e-05,16.6022,31.6592
33,7.7e-05,9.63278e-06,1.5413e-05,16.073,30.2096
34,0.000156,1.18336e-05,1.88077e-05,15.6727,29.4741
35,7.6e-05,8.05276e-06,1.28352e-05,15.1623,28.4018
36,7.5e-05,7.98029e-06,1.24049e-05,15.0503,28.0244
37,7.5e-05,7.74005e-06,1.21597e-05,14.4291,26.998
38,7.7e-05,7.46065e-06,1.1705e-05,14.0852,26.3438
39,7.5e-05,7.68467e-06,1.16551e-05,13.7768,25.6633
40,7.5e-05,7.16702e-06,1.11506e-05,13.4399,25.1373
41,7.6e-05,7.13234e-06,1.06531e-05,13.3925,24.0071
42,7.5e-05,6.92354e-06,1.0648e-05,13.0069,23.9461
43,7.7e-05,6.81552e-06,1.0411e-05,12.7024,23.3835
44,7.8e-05,6.86641e-06,1.03082e-05,12.4594,22.6816
45,7.6e-05,6.37595e-06,1.00244e-05,12.0035,22.1516
46,7.6e-05,6.25907e-06,2.08484e-05,11.7267,21.7742
47,7.5e-05,6.27716e-06,9.31943e-06,11.6582,20.998
48,7.6e-05,6.56031e-06,9.47508e-06,11.4509,21.0478
49,7.6e-05,6.06761e-06,9.07833e-06,11.3175,20.3967
50,7.6e-05,5.9995e-06,9.03459e-06,11.1366,20.0173
51,7.5e-05,5.75253e-06,8.79145e-06,10.7357,19.7447
52,7.6e-05,5.67669e-06,8.70804e-06,10.4946,19.3398
53,7.6e-05,5.63291e-06,8.57274e-06,10.4262,18.7253
54,7.6e-05,7.61407e-06,9.16887e-06,10.3496,18.6501
55,7.5e-05,5.40202e-06,8.1119e-06,10.0316,18.0895
56,7.5e-05,5.30099e-06,8.04781e-06,9.8699,17.9023
57,0.000101,5.27828e-06,8.06714e-06,9.76974,17.6256
58,7.6e-05,5.2365e-06,7.92472e-06,9.68392,17.414
59,7.6e-05,5.09842e-06,7.58698e-06,9.42971,17.0031
60,7.6e-05,5.19321e-06,7.7884e-06,9.30049,16.8321
61,7.8e-05,5.0802e-06,7.46287e-06,9.24598,16.1994
62,7.7e-05,4.96907e-06,7.46999e-06,9.13085,16.2116
63,8.4e-05,4.89934e-06,8.32146e-06,8.93688,15.9207
64,8.4e-05,4.86329e-06,7.25941e-06,8.7988,15.8016
65,8.3e-05,4.78895e-06,6.9471e-06,8.78895,15.2442
66,9.2e-05,4.77348e-06,7.0763e-06,8.52214,15.2045
67,8.7e-05,4.57129e-06,6.97965e-06,8.45803,14.9145
68,8.3e-05,4.64912e-06,6.77721e-06,8.43919,14.6928
69,8.2e-05,4.52027e-06,6.68159e-06,8.27067,14.5534
70,8.3e-05,4.3515e-06,6.42828e-06,8.07235,14.2004
71,8.3e-05,4.471e-06,6.64802e-06,8.15492,14.3133
72,9.3e-05,4.30947e-06,6.3235e-06,7.96944,13.9959
73,8.3e-05,4.61582e-06,6.62869e-06,7.88125,13.5758
74,8.3e-05,4.13833e-06,6.11902e-06,7.60758,13.5697
75,8.3e-05,4.26743e-06,6.14344e-06,7.91418,13.4303
76,8.3e-05,4.14282e-06,6.06205e-06,7.56081,13.1424
77,9.8e-05,4.19047e-06,5.95931e-06,7.51091,12.9369
78,8.3e-05,4.01322e-06,6.06816e-06,7.32768,12.8637
79,8.3e-05,4.03081e-06,5.88606e-06,7.26806,12.6114
80,8.3e-05,4.00786e-06,5.77518e-06,7.17812,12.6867
81,8.6e-05,4.10228e-06,6.28383e-06,7.21592,12.295
82,8.3e-05,3.97468e-06,5.56256e-06,7.19509,12.0529
83,8.3e-05,3.7887e-06,5.43947e-06,6.94075,12.0275
84,8.3e-05,3.82512e-06,5.52899e-06,6.9632,12.0051
85,8.2e-05,3.6808e-06,5.43642e-06,6.765,11.822
86,9.8e-05,3.72957e-06,5.34893e-06,6.82849,11.6582
87,0.000142,3.74429e-06,5.40997e-06,6.72933,11.6134
88,8.3e-05,3.79269e-06,5.20346e-06,6.86242,11.3164
89,8.2e-05,3.63178e-06,5.21668e-06,6.55245,11.2197
90,8.3e-05,3.58451e-06,5.15666e-06,6.51628,11.1902
91,8.3e-05,3.55108e-06,5.04985e-06,6.44705,11.0153
92,8.3e-05,3.5643e-06,4.95524e-06,6.46314,10.8098
93,8.2e-05,3.55931e-06,5.07426e-06,6.44256,10.8779
94,8.3e-05,3.43083e-06,4.87386e-06,6.23226,10.5331
95,8.2e-05,3.40601e-06,4.95829e-06,6.20718,10.6602
96,8.3e-05,3.43919e-06,4.86368e-06,6.21604,10.5483
97,8.3e-05,3.4453e-06,4.80977e-06,6.18498,10.2869
98,0.000107,3.73444e-06,5.04578e-06,6.19845,10.2777
99,8.2e-05,3.35786e-06,4.69888e-06,6.07122,10.1211
100,8.5e-05,3.34053e-06,4.68362e-06,6.05214,10.1404
101,8.3e-05,3.27105e-06,4.57681e-06,5.93115,9.89929
102,8.3e-05,3.23263e-06,4.51475e-06,5.78022,9.87182
103,8.3e-05,3.21866e-06,4.57579e-06,5.80429,9.83723
104,8.3e-05,3.22964e-06,4.52594e-06,5.86229,9.76094
105,8.3e-05,3.29375e-06,4.53611e-06,5.79381,9.49542
106,8.6e-05,3.19646e-06,4.44354e-06,5.71012,9.30621
107,0.000109,3.20569e-06,4.49644e-06,5.68143,9.27976
108,8.3e-05,3.30984e-06,4.51475e-06,5.66359,9.412
109,0.000128,3.11837e-06,4.34181e-06,5.56592,9.18922
110,8.3e-05,3.05675e-06,4.27772e-06,5.49021,9.13021
111,8.3e-05,3.07384e-06,4.27874e-06,5.47973,9.14242
112,9.2e-05,3.03019e-06,5.1943e-06,5.45191,9.00814
113,8.2e-05,3.00524e-06,4.16684e-06,5.40526,8.77518
114,8.3e-05,3.01085e-06,4.06307e-06,5.38818,8.72431
115,8.3e-05,2.9536e-06,4.08545e-06,5.24298,8.75178
116,8.2e-05,3.05251e-06,4.18311e-06,5.35549,8.70804
117,8.6e-05,3.01335e-06,4.10783e-06,5.26581,8.59613
118,8.6e-05,2.95722e-06,3.98983e-06,5.18997,8.52899
119,8.6e-05,3.0494e-06,4.0061e-06,5.32456,8.50153
120,0.000115,2.88549e-06,4.01628e-06,5.11887,8.40997
121,8.4e-05,2.85606e-06,3.92675e-06,5.05426,8.32757
122,8.3e-05,2.89422e-06,3.93896e-06,5.14868,8.09461
123,8.3e-05,2.88138e-06,3.79247e-06,5.13908,7.93591
124,8.3e-05,2.88612e-06,3.85249e-06,5.08407,8.16785
125,8.6e-05,2.90358e-06,3.75076e-06,5.11027,7.85351
126,8.3e-05,2.81577e-06,3.7884e-06,4.94636,8
127,8.3e-05,3.06299e-06,4.17396e-06,4.92666,7.70804
128,8.4e-05,2.77835e-06,3.83316e-06,4.91169,7.92472
129,9.8e-05,2.79282e-06,3.73449e-06,4.91967,7.84435
130,8.3e-05,2.74716e-06,3.59919e-06,4.87651,7.65717
131,8.3e-05,2.68554e-06,3.52391e-06,4.72159,7.53204
132,8.3e-05,2.70201e-06,3.55341e-06,4.77036,7.56155
133,8.3e-05,2.74716e-06,3.66124e-06,4.78421,7.47609
134,8.5e-05,2.84084e-06,3.74568e-06,4.78595,7.34588
135,0.000145,3.7993e-06,3.588e-06,4.706,7.39166
136,8.4e-05,2.68978e-06,3.57172e-06,4.67918,7.39369
137,8.6e-05,2.68405e-06,3.55341e-06,4.66496,7.29807
138,8.3e-05,2.76388e-06,3.57375e-06,4.65236,7.33367
139,0.000106,2.58226e-06,3.49339e-06,4.52688,7.18718
140,8.3e-05,2.5638e-06,3.44863e-06,4.49395,7.24619
141,8.2e-05,2.58214e-06,3.42218e-06,4.52251,7.00203
142,8.6e-05,2.64837e-06,3.4822e-06,4.59636,7.14751
143,8.3e-05,2.71598e-06,3.33164e-06,4.53761,7.04985
144,8.3e-05,2.57652e-06,3.35097e-06,4.49507,6.9939
145,8.2e-05,2.57415e-06,3.43235e-06,4.46426,7.02136
146,0.000114,2.90009e-06,3.65107e-06,4.46801,6.75687
147,0.000164,4.45952e-06,5.50865e-06,4.44343,6.76195
148,0.000193,4.65399e-06,4.93998e-06,4.33516,6.69888
149,0.000176,2.52701e-06,3.25839e-06,4.33254,6.64293
150,8.6e-05,2.65211e-06,3.28789e-06,4.56343,6.78026
151,8.6e-05,2.48297e-06,3.1353e-06,4.33142,6.5351
152,8.3e-05,2.4483e-06,3.12106e-06,4.25334,6.53917
153,8.3e-05,2.46476e-06,3.13021e-06,4.31882,6.48016
154,8.3e-05,2.45566e-06,3.21363e-06,4.29151,6.55849
155,8.3e-05,2.42023e-06,3.08037e-06,4.28963,6.35504
156,8.3e-05,2.36647e-06,3.14649e-06,4.1543,6.47101
157,8.3e-05,2.43196e-06,3.04374e-06,4.24535,6.39064
158,8.3e-05,2.37358e-06,3.02238e-06,4.11114,6.23703
159,8.3e-05,2.73656e-06,3.65412e-06,4.0237,6.24517
160,9.7e-05,2.34564e-06,3.0885e-06,4.14594,6.37436
161,8.3e-05,2.31221e-06,3.00102e-06,4.05064,6.1943
162,8.3e-05,2.35599e-06,3.03052e-06,4.09555,6.22787
163,8.6e-05,2.41287e-06,3.03357e-06,4.12236,6.18108
164,8.5e-05,2.34801e-06,2.94608e-06,4.06287,6.00916
165,8.6e-05,2.35425e-06,3.09359e-06,4.02357,6.16989
166,8.5e-05,3.07609e-06,4.41302e-06,3.98977,6.08545
167,8.3e-05,2.32356e-06,3.05392e-06,3.99089,5.99288
168,8.3e-05,2.26656e-06,2.9766e-06,3.93913,6.01221
169,8.3e-05,2.31545e-06,2.86063e-06,3.99364,5.86979
170,8.3e-05,2.24136e-06,2.90234e-06,3.89173,5.90132
171,8.2e-05,2.26107e-06,2.92574e-06,3.92254,5.93795
172,8.3e-05,2.32955e-06,2.92065e-06,4.00237,5.82909
173,8.3e-05,2.18099e-06,2.83927e-06,3.76288,5.7294
174,8.3e-05,3.04266e-06,2.86572e-06,3.90034,5.75687
175,8.3e-05,2.22689e-06,2.82197e-06,3.8956,5.66226
176,8.3e-05,2.31383e-06,2.82909e-06,3.92054,5.68362
177,8.2e-05,2.32044e-06,2.81587e-06,3.74679,5.7294
178,8.2e-05,2.21729e-06,2.75585e-06,3.75153,5.6236
179,8.5e-05,2.23737e-06,2.8057e-06,3.81053,5.55036
180,8.5e-05,2.20182e-06,2.72024e-06,3.767,5.62665
181,8.3e-05,2.12648e-06,2.59512e-06,3.72371,5.31841
182,8.2e-05,2.17787e-06,2.7589e-06,3.73519,5.47101
183,8.6e-05,2.17737e-06,2.64191e-06,3.71249,5.32248
184,8.5e-05,2.16315e-06,2.71719e-06,3.69602,5.4059
185,0.000138,2.1533e-06,2.56968e-06,3.68367,5.36114
186,8.3e-05,2.16727e-06,2.72737e-06,3.68342,5.52187
187,9.4e-05,2.14794e-06,2.61343e-06,3.73095,5.30722
188,8.5e-05,2.08494e-06,2.53611e-06,3.58426,5.23296
189,8.3e-05,2.1518e-06,2.64598e-06,3.69976,5.38555
190,8.2e-05,2.09916e-06,2.69379e-06,3.57727,5.40183
191,8.2e-05,2.16764e-06,2.7233e-06,3.66895,5.29095
192,8.3e-05,2.09679e-06,2.58901e-06,3.62106,5.24822
193,8.3e-05,2.10478e-06,2.52492e-06,3.62018,5.23906
194,8.3e-05,2.0817e-06,2.5707e-06,3.60758,5.18616
195,0.000113,2.14681e-06,2.5473e-06,3.63066,5.01017
196,8.6e-05,2.08582e-06,2.58901e-06,3.53461,5.14852
197,8.3e-05,3.50904e-06,2.83011e-06,3.49358,5.10275
198,8.2e-05,2.03779e-06,2.50458e-06,3.49195,5.10071
199,8.3e-05,2.03854e-06,2.48423e-06,3.49507,4.92981
200,8.3e-05,2.06137e-06,2.54934e-06,3.56018,5.05595
201,8.4e-05,2.10528e-06,2.45677e-06,3.53773,4.84435
202,8.6e-05,2.03842e-06,2.54832e-06,3.45728,5.03255
203,0.000102,1.99538e-06,2.4588e-06,3.44468,4.98678
204,0.000107,2.03193e-06,2.44761e-06,3.41811,4.96134
205,8.7e-05,2.04628e-06,2.44049e-06,3.47337,4.84842
206,8.3e-05,1.95622e-06,2.51679e-06,3.37608,4.89725
207,8.3e-05,1.98803e-06,2.45371e-06,3.4448,4.93388
208,8.3e-05,2.02844e-06,2.5056e-06,3.47362,5.04069
209,8.3e-05,1.95534e-06,2.34079e-06,3.34764,4.76806
210,8.3e-05,1.95322e-06,2.35198e-06,3.39728,4.79654
211,8.3e-05,1.91955e-06,2.353e-06,3.26681,4.7294
212,8.3e-05,2.04827e-06,2.44049e-06,3.36497,4.57579
213,8.3e-05,1.97356e-06,2.46694e-06,3.38144,4.73856
214,8.2e-05,1.92616e-06,2.39166e-06,3.34103,4.70702
215,8.2e-05,1.93339e-06,2.28789e-06,3.31483,4.62258
216,8.3e-05,1.94125e-06,2.34791e-06,3.33416,4.70092
217,8.3e-05,1.93626e-06,2.36521e-06,3.3162,4.73957
218,8.3e-05,1.90196e-06,2.28688e-06,3.30398,4.67243
219,8.3e-05,1.92104e-06,2.27467e-06,3.29038,4.54934
220,8.3e-05,1.87863e-06,2.34079e-06,3.26032,4.64395
221,8.3e-05,1.95397e-06,2.34995e-06,3.27392,4.52289
222,8.6e-05,1.89946e-06,2.33672e-06,3.21517,4.5707
223,8.5e-05,1.97892e-06,2.35707e-06,3.25259,4.4059
224,8.3e-05,1.88973e-06,2.28077e-06,3.18947,4.61038
225,8.3e-05,1.9425e-06,2.23805e-06,3.29263,4.44964
226,8.3e-05,1.86828e-06,2.19329e-06,3.18349,4.33571
227,9.2e-05,1.9042e-06,2.21872e-06,3.22864,4.43744
228,8.2e-05,1.89797e-06,2.24313e-06,3.22789,4.36724
229,8.4e-05,1.93651e-06,2.22177e-06,3.23076,4.36521
230,8.6e-05,1.89597e-06,2.28484e-06,3.13783,4.44151
231,8.3e-05,1.85181e-06,2.12513e-06,3.14108,4.24619
232,9.5e-05,1.86741e-06,2.20753e-06,3.18648,4.31333
233,8.3e-05,1.87788e-06,2.19939e-06,3.10952,4.31333
234,8.2e-05,1.7978e-06,2.22075e-06,3.06848,4.33876
235,8.3e-05,1.85456e-06,2.059e-06,3.18236,4.04069
236,8.2e-05,1.79282e-06,2.18108e-06,3.06424,4.28281
237,8.2e-05,1.77822e-06,2.13835e-06,3.04977,4.25229
238,8.3e-05,1.84408e-06,2.16175e-06,3.16141,4.28586
239,8.3e-05,1.78832e-06,2.0885e-06,3.04815,4.12614
240,8.3e-05,2.21392e-06,2.52492e-06,3.04166,4.22991
241,8.3e-05,1.79706e-06,2.13937e-06,3.00811,4.07121
242,8.3e-05,1.77685e-06,2.20855e-06,3.0368,4.16175
243,8.3e-05,1.78795e-06,2.06816e-06,3.0691,4.0529
244,8.3e-05,1.82088e-06,2.01729e-06,3.11239,3.9705
245,8.3e-05,1.81552e-06,2.08545e-06,3.05912,4.02136
246,8.5e-05,1.82799e-06,2.06002e-06,3.0605,3.97355
247,8.3e-05,1.77236e-06,2.03764e-06,3.00761,3.98372
248,8.2e-05,1.80142e-06,4.17091e-06,3.01921,4.0468
249,0.000147,1.77223e-06,2.05697e-06,2.99139,4.05595
250,8.3e-05,1.81839e-06,2.04578e-06,3.08083,3.90132
251,8.2e-05,1.74429e-06,2.05595e-06,2.93364,3.97457
252,0.000116,1.77647e-06,2.02136e-06,3.00661,4.04171
253,8.3e-05,1.80417e-06,2.03255e-06,3.04915,4.00407
254,8.3e-05,1.73881e-06,1.96643e-06,2.91194,3.89522
255,8.2e-05,1.72384e-06,2.12411e-06,2.90445,3.93896
256,0.000116,1.78184e-06,2.08037e-06,2.99164,3.98779
257,8.5e-05,1.8487e-06,2.05188e-06,2.97381,3.92065
258,8.2e-05,1.75589e-06,1.941e-06,2.94337,3.90539
259,8.2e-05,1.7277e-06,1.96846e-06,2.92865,3.81078
260,8.2e-05,1.74766e-06,1.92269e-06,2.93826,3.77314
261,8.3e-05,1.69951e-06,2.08647e-06,2.85431,3.86267
262,8.2e-05,1.69814e-06,2.0061e-06,2.83622,3.83418
263,8.3e-05,2.82986e-06,1.99084e-06,2.8331,3.77721
264,8.3e-05,1.76163e-06,1.97965e-06,2.93851,3.7528
265,8.2e-05,1.72795e-06,1.96439e-06,2.89809,3.76704
266,8.3e-05,1.75577e-06,1.95829e-06,2.88025,3.75687
267,8.3e-05,1.69415e-06,1.89624e-06,2.84383,3.68362
268,8.2e-05,1.73743e-06,1.89217e-06,2.90657,3.62869
269,8.3e-05,1.70114e-06,1.95626e-06,2.84333,3.76297
270,8.3e-05,1.71336e-06,1.98881e-06,2.87988,3.77416
271,8.3e-05,1.6954e-06,1.88403e-06,2.81876,3.66328
272,8.3e-05,1.69415e-06,1.97558e-06,2.83535,3.84232
273,8.2e-05,1.68891e-06,1.90641e-06,2.83148,3.61343
274,8.2e-05,1.68704e-06,1.941e-06,2.83834,3.68159
275,8.2e-05,1.75203e-06,1.80468e-06,2.93389,3.49237
276,8.3e-05,1.7408e-06,1.91048e-06,2.91493,3.68159
277,0.000114,1.65037e-06,1.86673e-06,2.76463,3.64802
278,8.3e-05,1.67107e-06,1.9115e-06,2.77872,3.60427
279,8.3e-05,1.6949e-06,1.90437e-06,2.82001,3.59613
280,0.000107,1.67469e-06,1.90539e-06,2.75876,3.58291
281,0.000104,1.67544e-06,1.86979e-06,2.79194,3.59207
282,8.3e-05,1.62255e-06,1.90437e-06,2.73968,3.52594
283,8.3e-05,1.70824e-06,1.85554e-06,2.83273,3.5117
284,0.000102,1.68218e-06,1.94812e-06,2.83223,3.63886
285,8.3e-05,1.63216e-06,1.92981e-06,2.74404,3.54629
286,8.5e-05,1.66396e-06,1.92065e-06,2.78745,3.55646
287,8.2e-05,1.82762e-06,2.0468e-06,2.72571,3.46185
288,8.5e-05,1.66683e-06,1.85453e-06,2.7524,3.51475
289,8.5e-05,1.65037e-06,1.81689e-06,2.73668,3.45473
290,8.3e-05,1.61257e-06,1.83825e-06,2.73843,3.50153
291,8.3e-05,1.60484e-06,1.76399e-06,2.70513,3.41506
292,8.2e-05,1.62979e-06,1.79044e-06,2.73332,3.39878
293,8.3e-05,1.62417e-06,1.83723e-06,2.71997,3.45982
294,8.2e-05,1.61407e-06,1.75992e-06,2.70662,3.3825
295,8.3e-05,1.60484e-06,1.78739e-06,2.66197,3.40997
296,0.000106,1.58014e-06,1.74364e-06,2.62979,3.32859
297,8.3e-05,1.63889e-06,1.76704e-06,2.7413,3.40285
298,9.5e-05,1.59399e-06,1.73957e-06,2.62155,3.3235
299,8.3e-05,1.61981e-06,1.86775e-06,2.62392,3.38352
300,8.2e-05,1.69652e-06,1.81994e-06,2.73594,3.41099
301,8.5e-05,1.61008e-06,1.78128e-06,2.63453,3.34283
302,0.00012,1.62991e-06,1.78433e-06,2.67045,3.2472
303,8.4e-05,1.67831e-06,1.80671e-06,2.68716,3.28383
304,8.3e-05,1.64513e-06,1.85046e-06,2.60758,3.27569
305,0.00012,2.53436e-06,2.40997e-06,2.6117,3.21363
306,8.6e-05,2.48185e-06,2.43744e-06,2.63141,3.23194
307,9.9e-05,1.75515e-06,1.87182e-06,2.64313,3.28891
308,0.000101,1.74354e-06,1.88301e-06,2.61831,3.29603
309,8.5e-05,1.70999e-06,1.85554e-06,2.64563,3.3469
310,8.6e-05,1.64001e-06,1.79858e-06,2.60808,3.22075
311,8.6e-05,1.75714e-06,1.76399e-06,2.64999,3.1292
312,8.6e-05,1.62255e-06,1.77213e-06,2.62642,3.29603
313,8.6e-05,1.61544e-06,1.67955e-06,2.61419,3.08138
314,8.5e-05,1.67357e-06,1.83316e-06,2.63752,3.2411
315,8.6e-05,1.63141e-06,1.79247e-06,2.61681,3.12106
316,8.3e-05,1.61407e-06,1.77925e-06,2.56767,3.1882
317,8.6e-05,1.62817e-06,1.79044e-06,2.63278,3.17599
318,8.5e-05,1.54559e-06,1.63683e-06,2.50069,3.059
319,0.000102,1.6223e-06,1.71312e-06,2.57129,3.20651
320,8.3e-05,1.64313e-06,1.83011e-06,2.61457,3.17904
321,0.000127,1.87626e-06,1.94303e-06,2.5648,3.08545
322,0.000146,1.81963e-06,1.91556e-06,2.54871,3.13937
323,8.7e-05,2.75265e-06,5.57375e-06,2.5078,3.12309
324,0.00013,3.22777e-06,2.57172e-06,2.54858,3.17497
325,8.5e-05,1.82799e-06,1.83316e-06,2.61395,3.04374
326,8.6e-05,2.16253e-06,2.2472e-06,2.54971,3.07528
327,0.000179,2.55719e-06,2.77416e-06,2.50069,3.08647
328,8.5e-05,2.57091e-06,2.48118e-06,2.51565,3.05493
329,0.000147,8.7645e-06,2.07121e-06,2.55195,2.94914
330,0.000145,2.28627e-06,2.56358e-06,2.49707,3.12614
331,8.6e-05,2.08183e-06,2.11801e-06,2.53224,3.06714
332,0.000122,2.24959e-06,2.3469e-06,2.49894,3.08444
333,0.000131,1.80329e-06,2.01221e-06,2.54135,3.07325
334,8.6e-05,3.86329e-06,4.62055e-06,2.53137,3.06714
335,8.6e-05,5.56705e-06,4.91862e-06,2.51141,2.99898
336,0.000146,3.19795e-06,2.97864e-06,2.51628,3.01729
337,0.000187,3.29487e-06,7.42319e-06,2.51154,2.9766
338,0.000266,4.46501e-06,6.61445e-06,2.46801,3.00509
339,0.000149,5.25246e-06,5.15768e-06,2.50405,2.95626
340,8.6e-05,2.24373e-06,2.3174e-06,2.47998,2.99797
341,0.000145,2.26219e-06,2.31333e-06,2.46688,2.97253
342,0.000263,3.74467e-06,4.57579e-06,2.44817,2.91455
343,0.000297,3.48185e-06,2.48525e-06,2.49732,2.92574
344,0.000146,5.45603e-06,5.09563e-06,2.49482,2.88911
345,0.000215,5.09966e-06,4.69481e-06,2.42572,2.94507
346,8.7e-05,4.62143e-06,6.74466e-06,2.37782,2.87182
347,0.000254,3.88499e-06,3.58291e-06,2.4725,2.90743
348,0.000137,2.43158e-06,2.41607e-06,2.47936,2.88505
349,8.6e-05,1.75889e-06,1.76602e-06,2.4226,2.85453
350,8.7e-05,2.04403e-06,2.14751e-06,2.44119,2.83215
351,0.000133,2.05451e-06,2.11699e-06,2.42822,2.81282
352,8.5e-05,1.75253e-06,1.82909e-06,2.4453,2.80773
353,0.000102,1.64949e-06,1.61139e-06,2.43121,2.77518
354,0.000183,1.88362e-06,1.95219e-06,2.37969,2.8942
355,0.000168,1.70288e-06,1.70193e-06,2.47773,2.78026
356,8.6e-05,2.10365e-06,2.412e-06,2.43208,2.81689
357,0.00012,2.50617e-06,2.10885e-06,2.40514,2.82299
358,0.000143,2.38131e-06,2.14547e-06,2.41599,2.85148
359,8.5e-05,2.05451e-06,2.28179e-06,2.42435,2.81994
360,0.0001,2.12785e-06,2.36928e-06,2.39366,2.76907
361,9e-05,1.93501e-06,2.1353e-06,2.38456,2.91862
362,8.6e-05,5.72097e-06,3.37131e-06,2.35724,2.64598
363,0.000135,3.57266e-06,3.40692e-06,2.35662,2.71821
364,0.00016,3.20818e-06,3.1882e-06,2.3772,2.7294
365,8.5e-05,2.86466e-06,2.25025e-06,2.34913,2.77111
366,0.00014,3.33354e-06,3.44456e-06,2.38842,2.67243
367,8.8e-05,2.30785e-06,2.16073e-06,2.39553,2.81078
368,8.6e-05,1.59673e-06,1.63377e-06,2.29699,2.69176
369,8.5e-05,1.6576e-06,1.61241e-06,2.35936,2.65107
370,9.2e-05,1.56492e-06,1.69074e-06,2.31421,2.66938
371,0.000155,1.54784e-06,1.62055e-06,2.40389,2.66836
372,0.000149,1.69964e-06,1.76501e-06,2.35288,2.82299
373,0.0001,2.63515e-06,2.50051e-06,2.36098,2.6531
374,0.000159,2.91044e-06,2.33367e-06,2.40227,2.6531
375,0.000107,2.69901e-06,2.20651e-06,2.39217,2.62564
376,8.6e-05,1.56443e-06,1.53917e-06,2.28215,2.59308
377,8.5e-05,1.49358e-06,1.51577e-06,2.31533,2.66328
378,8.5e-05,1.47399e-06,1.4944e-06,2.38181,2.6704
379,0.000107,1.43869e-06,1.47406e-06,2.32256,2.61139
380,9.7e-05,1.42797e-06,1.43947e-06,2.3046,2.63886
381,8.2e-05,1.43258e-06,1.40387e-06,2.3762,2.5412
382,8.2e-05,1.45017e-06,1.44354e-06,2.32855,2.67752
383,9.7e-05,1.48035e-06,1.53917e-06,2.27604,2.6236
384,8.6e-05,1.43408e-06,1.49339e-06,2.29762,2.62462
385,8.5e-05,1.43645e-06,1.48932e-06,2.30211,2.55443
386,8.2e-05,1.4115e-06,1.47101e-06,2.29512,2.62564
387,8.2e-05,1.41275e-06,1.44761e-06,2.34315,2.61445
388,8.2e-05,1.42797e-06,1.42625e-06,2.31296,2.58291
389,8.3e-05,1.93888e-06,1.82096e-06,2.35774,2.54222
390,8.6e-05,1.47699e-06,1.44456e-06,2.32032,2.52391
391,8.5e-05,1.40015e-06,1.35605e-06,2.22602,2.38149
392,8.6e-05,1.37633e-06,1.41811e-06,2.22727,2.54527
393,8.3e-05,1.36784e-06,1.45168e-06,2.21617,2.50356
394,8.2e-05,1.46963e-06,1.59308e-06,2.25458,2.6175
395,0.000125,1.37445e-06,1.36317e-06,2.24648,2.50254
396,8.3e-05,1.39491e-06,1.41302e-06,2.26506,2.57375
397,8.3e-05,1.40476e-06,1.43133e-06,2.30223,2.60326
398,8.5e-05,1.412e-06,1.42014e-06,2.29225,2.46185
399,8.3e-05,1.40402e-06,1.40793e-06,2.2693,2.50051
400,9.5e-05,1.47399e-06,1.46999e-06,2.29649,2.47406
401,8.4e-05,1.39042e-06,1.38047e-06,2.24224,2.48525
402,8.2e-05,1.38381e-06,1.33367e-06,2.2683,2.41607
403,8.2e-05,1.39878e-06,1.37131e-06,2.30597,2.44049
404,0.000108,1.38568e-06,1.38962e-06,2.23363,2.47711
405,8.3e-05,1.38867e-06,1.31638e-06,2.25159,2.45066
406,8.3e-05,1.37508e-06,1.39064e-06,2.24573,2.53815
407,0.000111,1.40514e-06,1.40895e-06,2.21716,2.46592
408,8.3e-05,1.36273e-06,1.42014e-06,2.19521,2.50966
409,9.4e-05,1.42323e-06,1.43133e-06,2.18897,2.49644
410,8.2e-05,1.39778e-06,1.44151e-06,2.24448,2.44863
411,8.5e-05,1.36572e-06,1.41302e-06,2.20806,2.44151
412,8.2e-05,1.34003e-06,1.36623e-06,2.17326,2.46999
413,8.3e-05,1.37146e-06,1.40895e-06,2.21829,2.48525
414,8.2e-05,1.37034e-06,1.37742e-06,2.23675,2.5117
415,0.000117,1.32855e-06,1.39369e-06,2.1508,2.39573
416,8.2e-05,1.43819e-06,1.46389e-06,2.25558,2.57579
417,8.3e-05,1.33466e-06,1.34486e-06,2.16752,2.3764
418,8.2e-05,1.35874e-06,1.44456e-06,2.12187,2.40692
419,0.000121,1.35487e-06,1.40387e-06,2.18074,2.32655
420,0.000117,1.34003e-06,1.32757e-06,2.15492,2.44151
421,8.2e-05,1.39204e-06,1.36216e-06,2.17962,2.41506
422,8.3e-05,1.3313e-06,1.27162e-06,2.11064,2.33571
423,8.3e-05,1.33354e-06,1.35097e-06,2.16652,2.39268
424,8.3e-05,1.33766e-06,1.38657e-06,2.1669,2.25839
425,8.3e-05,1.32618e-06,1.34079e-06,2.16852,2.37945
426,8.3e-05,1.3535e-06,1.28688e-06,2.15904,2.33062
427,0.00012,1.67207e-06,1.5941e-06,2.13671,2.24008
428,8.3e-05,1.38119e-06,1.34791e-06,2.1992,2.3591
429,8.2e-05,1.355e-06,1.32757e-06,2.1866,2.37742
430,8.3e-05,1.32967e-06,1.32757e-06,2.14594,2.3296
431,8.2e-05,1.35475e-06,1.36114e-06,2.15679,2.31027
432,8.2e-05,1.34589e-06,1.42828e-06,2.1543,2.353
433,8.2e-05,1.36123e-06,1.34791e-06,2.15966,2.37538
434,9.3e-05,1.32643e-06,1.33876e-06,2.15804,2.41913
435,8.3e-05,1.32606e-06,1.33876e-06,2.13658,2.33367
436,8.3e-05,1.33254e-06,1.27874e-06,2.15866,2.25127
437,8.3e-05,1.33728e-06,1.28688e-06,2.13372,2.25941
438,8.2e-05,1.33604e-06,1.28891e-06,2.15031,2.24517
439,8.3e-05,1.30473e-06,1.21261e-06,2.10964,2.18922
440,8.2e-05,1.33604e-06,1.3296e-06,2.16328,2.31231
441,8.3e-05,1.29225e-06,1.26348e-06,2.07759,2.30417
442,9.4e-05,1.30535e-06,1.28484e-06,2.1281,2.28179
443,8.2e-05,1.32643e-06,1.24822e-06,2.16153,2.23601
444,8.2e-05,1.36772e-06,1.31943e-06,2.15305,2.30315
445,8.2e-05,1.35387e-06,1.34079e-06,2.12037,2.31434
446,8.2e-05,1.4841e-06,1.54222e-06,2.05987,2.21974
447,0.00014,1.37059e-06,1.30621e-06,2.11301,2.17192
448,8.3e-05,1.29126e-06,1.26246e-06,2.09817,2.33876
449,8.3e-05,1.30697e-06,1.2767e-06,2.09817,2.23093
450,8.2e-05,1.32556e-06,1.29807e-06,2.15417,2.2767
451,8.2e-05,1.38818e-06,1.25941e-06,2.22702,2.14954
452,8.3e-05,1.27916e-06,1.28383e-06,2.0706,2.13021
453,8.2e-05,1.3303e-06,1.22991e-06,2.14831,2.18413
454,8.3e-05,1.32356e-06,1.25636e-06,2.13658,2.23194
455,8.3e-05,1.3394e-06,1.24924e-06,2.12224,2.16989
456,8.3e-05,1.31882e-06,1.34893e-06,2.09605,2.13835
457,0.000108,1.35001e-06,1.31943e-06,2.10004,2.19837
458,8.2e-05,1.36722e-06,1.28688e-06,2.0918,2.25636
459,8.5e-05,1.36036e-06,1.26857e-06,2.09991,2.20753
460,8.5e-05,1.3177e-06,1.25025e-06,2.05675,2.24517
461,9.4e-05,1.31047e-06,1.21872e-06,2.07584,2.10885
462,9.1e-05,1.29288e-06,1.25636e-06,2.07235,2.15259
463,8.2e-05,1.31857e-06,1.28383e-06,2.06249,2.14751
464,8.3e-05,1.3646e-06,1.22279e-06,2.09754,2.08647
465,8.3e-05,1.35986e-06,1.27874e-06,2.07821,2.1058
466,8.2e-05,1.27367e-06,1.26755e-06,2.01771,2.12818
467,0.000104,1.42871e-06,1.33774e-06,2.08719,2.10885
468,8.3e-05,1.29886e-06,1.294e-06,2.0116,2.20041
469,8.3e-05,1.31259e-06,1.24924e-06,2.07147,2.14852
470,0.000137,1.31545e-06,1.21872e-06,2.03929,2.03662
471,8.2e-05,1.58887e-06,1.42625e-06,2.12274,2.07935
472,0.000114,2.66446e-06,2.77925e-06,2.02956,2.08037
473,0.000113,4.75365e-06,3.41607e-06,2.10702,2.14344
474,0.000167,3.89497e-06,2.85758e-06,2.01222,2.0763
475,0.000167,3.9198e-06,3.49644e-06,2.02245,2.12106
476,0.000438,4.67319e-06,3.35402e-06,2.11351,2.12411
477,0.000186,3.21255e-06,2.24619e-06,1.96358,2.06511
478,0.000103,1.69003e-06,1.47609e-06,2.04466,2.00916
479,8.6e-05,1.32269e-06,1.28484e-06,1.99364,2.07223
480,8.2e-05,1.4125e-06,1.31536e-06,2.03355,2.10783
481,8.6e-05,1.33454e-06,1.27569e-06,2.06811,2.13733
482,8.6e-05,1.29425e-06,1.23906e-06,2.03443,2.06816
483,9.4e-05,1.30061e-06,1.25636e-06,2.05264,2.05188
484,8.6e-05,1.36797e-06,1.36623e-06,2.03405,2.1414
485,8.2e-05,1.34539e-06,1.27569e-06,2.04503,2.04374
486,0.000115,1.32356e-06,1.27162e-06,2.01609,2.04374
487,8.6e-05,1.29163e-06,1.27569e-06,1.94399,2.03154
488,8.3e-05,1.30336e-06,1.18108e-06,2.05289,1.96236
489,8.2e-05,1.3424e-06,1.24924e-06,2.03518,2.07121
490,8.3e-05,1.32381e-06,1.24822e-06,2.03305,2.00203
491,8.2e-05,1.34053e-06,1.23906e-06,2.06174,2.05392
492,9.2e-05,1.32319e-06,1.19837e-06,2.04603,1.941
493,8.2e-05,1.63727e-06,1.53103e-06,2.04802,2.06409
494,8.7e-05,1.37271e-06,1.2706e-06,2.00736,2.04578
495,8.4e-05,1.43383e-06,1.29603e-06,2.03929,2.04273
496,8.2e-05,1.28926e-06,1.22482e-06,2.02707,1.99491
497,8.3e-05,1.33279e-06,1.22075e-06,2.06224,2.05086
498,8.2e-05,1.29575e-06,1.1882e-06,2.00012,2.02645
499,0.000105,1.37208e-06,1.27467e-06,1.96695,1.96541
500,8.2e-05,1.32132e-06,1.31638e-06,2.01883,1.94812
501,8.6e-05,1.27342e-06,1.19532e-06,1.99925,2.04985
502,8.6e-05,1.26332e-06,1.18515e-06,1.93339,1.96541
503,0.000126,1.39366e-06,1.30722e-06,1.97954,2.07019
504,8.7e-05,1.30735e-06,1.22991e-06,1.96981,1.9939
505,0.000101,1.26494e-06,1.23601e-06,1.9667,2.06104
506,0.000101,1.27018e-06,1.23703e-06,1.98541,2.03967
507,8.3e-05,1.28203e-06,1.13225e-06,2.00249,1.93693
508,8.3e-05,1.25022e-06,1.16175e-06,1.92329,1.95015
509,9.4e-05,1.30261e-06,1.12614e-06,1.98778,1.8881
510,8.3e-05,1.28614e-06,1.24008e-06,1.93801,1.96745
511,8.2e-05,1.2688e-06,1.23194e-06,1.98079,1.99695
512,8.2e-05,1.32755e-06,1.24822e-06,2.02108,1.9766
513,8.3e-05,1.34601e-06,1.25534e-06,1.97792,1.90946
514,8.6e-05,1.34651e-06,1.23906e-06,1.98029,1.91251
515,8.6e-05,1.28527e-06,1.26246e-06,1.93938,1.95524
516,8.5e-05,1.29749e-06,1.20142e-06,1.9884,1.96033
517,0.000112,1.30311e-06,1.19227e-06,1.96807,1.8942
518,8.6e-05,1.26144e-06,1.20142e-06,1.96819,1.94201
519,8.6e-05,1.24535e-06,1.15158e-06,1.94611,1.89217
520,8.5e-05,1.29974e-06,1.1353e-06,2.00574,1.86673
521,8.3e-05,1.20232e-06,1.15463e-06,1.86416,1.89725
522,8.2e-05,1.2335e-06,1.18515e-06,1.91792,1.93388
523,8.3e-05,1.40726e-06,1.17091e-06,1.9198,1.94405
524,8.6e-05,1.23712e-06,1.15666e-06,1.8951,1.91862
525,0.000114,1.31396e-06,1.17497e-06,2.0111,1.88403
526,8.3e-05,1.28115e-06,1.19023e-06,1.93015,1.90132
527,8.3e-05,1.28377e-06,1.19837e-06,1.96645,1.96948
528,8.3e-05,1.28776e-06,1.16989e-06,1.94275,1.91048
529,8.3e-05,1.32843e-06,1.10987e-06,1.99301,1.90234
530,0.000102,1.24111e-06,1.16073e-06,1.94362,1.87996
531,8.5e-05,1.25421e-06,1.22584e-06,1.95946,1.95626
532,8.5e-05,1.28739e-06,1.19634e-06,1.99975,1.97253
533,8.5e-05,1.22739e-06,1.12818e-06,1.90321,1.8881
534,9.2e-05,1.31633e-06,1.1943e-06,1.94774,1.86063
535,8.5e-05,1.24373e-06,1.21465e-06,1.88973,1.84334
536,8.5e-05,1.24935e-06,1.24008e-06,1.92029,1.83113
537,8.5e-05,1.25733e-06,1.14547e-06,1.91244,1.83927
538,8.6e-05,1.2602e-06,1.2238e-06,1.91318,1.92574
539,8.6e-05,1.26506e-06,1.18922e-06,1.91792,1.86572
540,8.4e-05,1.24797e-06,1.15158e-06,1.91044,1.89217
541,8.3e-05,1.24922e-06,1.22482e-06,1.95148,1.87792
542,0.000119,1.23475e-06,1.12716e-06,1.96395,1.84842
543,0.000101,1.22515e-06,1.07935e-06,1.88587,1.78637
544,8.3e-05,1.23737e-06,1.09054e-06,1.93726,1.8881
545,8.3e-05,1.19945e-06,1.09563e-06,1.87689,1.84741
546,8.3e-05,1.21429e-06,1.08037e-06,1.9193,1.79247
547,8.4e-05,1.24036e-06,1.13937e-06,1.90233,1.85453
548,8.3e-05,1.20394e-06,1.08952e-06,1.9037,1.83723
549,8.3e-05,1.23662e-06,1.05392e-06,1.90533,1.76094
550,8.2e-05,1.26456e-06,1.08647e-06,1.98092,1.74669
551,8.2e-05,1.2249e-06,1.11292e-06,1.91131,1.84537
552,0.000127,3.22589e-06,1.20142e-06,1.94549,1.86673
553,8.3e-05,1.20843e-06,1.12106e-06,1.88125,1.85961
554,8.3e-05,1.18373e-06,1.10071e-06,1.84196,1.81994
555,0.000135,1.22639e-06,1.09257e-06,1.90271,1.82909
556,8.2e-05,1.23824e-06,1.14649e-06,1.91306,1.77416
557,8.2e-05,1.1634e-06,1.08749e-06,1.84745,1.78433
558,8.5e-05,1.23138e-06,1.09359e-06,1.92616,1.79145
559,8.2e-05,1.19845e-06,1.05493e-06,1.84296,1.70905
560,8.3e-05,1.19296e-06,1.12614e-06,1.8845,1.8057
561,8.3e-05,1.18099e-06,1.07426e-06,1.88936,1.78128
562,8.2e-05,1.19035e-06,1.0763e-06,1.86429,1.77823
563,8.2e-05,1.20319e-06,1.06002e-06,1.90034,1.8118
564,8.3e-05,1.2113e-06,1.04578e-06,1.88237,1.77111
565,8.2e-05,1.22752e-06,1.05697e-06,1.94736,1.6999
566,8.2e-05,1.20195e-06,1.1119e-06,1.89547,1.77518
567,8.3e-05,1.23899e-06,1.13835e-06,1.93963,1.80671
568,0.000113,1.20993e-06,1.07019e-06,1.91331,1.81689
569,8.2e-05,1.24186e-06,1.11801e-06,1.92566,1.78332
570,8.3e-05,1.20544e-06,1.08647e-06,1.881,1.79247
571,8.3e-05,1.1901e-06,1.15259e-06,1.87988,1.82096
572,8.2e-05,1.18099e-06,1.06205e-06,1.87601,1.79451
573,8.3e-05,1.23313e-06,1.08138e-06,1.90271,1.78026
574,8.2e-05,1.1992e-06,1.06205e-06,1.86229,1.71923
575,8.3e-05,1.26718e-06,1.15768e-06,1.85655,1.81892
576,8.3e-05,1.21504e-06,1.08647e-06,1.88936,1.74364
577,8.3e-05,1.18648e-06,1.0234e-06,1.84096,1.66124
578,8.2e-05,1.19346e-06,1.0763e-06,1.86816,1.73042
579,8.6e-05,1.21978e-06,1.07325e-06,1.91593,1.78535
580,8.3e-05,1.17987e-06,1.07731e-06,1.86179,1.75483
581,8.2e-05,1.18735e-06,1.08138e-06,1.86304,1.69074
582,8.2e-05,1.18548e-06,1.07528e-06,1.85394,1.74873
583,8.5e-05,1.18324e-06,1.02442e-06,1.83236,1.6765
584,8.6e-05,1.18698e-06,1.05697e-06,1.84308,1.71719
585,8.6e-05,1.2214e-06,1.07019e-06,1.8704,1.69481
586,8.6e-05,1.20369e-06,1.08444e-06,1.86603,1.75483
587,8.5e-05,1.2138e-06,1.06002e-06,1.85818,1.71007
588,8.2e-05,1.15567e-06,1.0824e-06,1.84683,1.69888
589,8.2e-05,1.15941e-06,1.06307e-06,1.80941,1.67141
590,8.3e-05,1.1513e-06,1.02543e-06,1.81926,1.66633
591,8.3e-05,1.17401e-06,1.05595e-06,1.80155,1.706
592,8.5e-05,1.16116e-06,1.04273e-06,1.80479,1.70498
593,8.5e-05,1.1664e-06,1.0529e-06,1.80941,1.64598
594,8.5e-05,1.19571e-06,1.05392e-06,1.86766,1.72635
595,8.2e-05,1.18723e-06,1.02543e-06,1.86791,1.66836
596,8.2e-05,1.17114e-06,1.03357e-06,1.8376,1.72737
597,9.2e-05,1.20182e-06,1.059e-06,1.89173,1.63784
598,8.3e-05,1.14781e-06,1.03357e-06,1.78533,1.70498
599,0.000104,1.18311e-06,1.06714e-06,1.86678,1.66734
600,8.2e-05,1.2123e-06,1.04476e-06,1.86366,1.65412
601,0.000133,1.20793e-06,1.02238e-06,1.83435,1.69176
602,8.2e-05,1.16577e-06,1.0824e-06,1.82612,1.66328
603,8.5e-05,1.24361e-06,1.08444e-06,1.87389,1.60427
604,8.3e-05,1.14432e-06,1.06409e-06,1.81315,1.62564
605,8.2e-05,1.175e-06,1.00712e-06,1.82737,1.6175
606,8.3e-05,1.16814e-06,1.02238e-06,1.84234,1.65514
607,8.3e-05,1.15754e-06,9.90844e-07,1.84757,1.54425
608,8.3e-05,1.53237e-06,1.39573e-06,1.79444,1.65005
609,0.000139,1.86978e-06,1.63377e-06,1.7882,1.67548
610,0.000142,1.70338e-06,1.56562e-06,1.80766,1.6002
611,0.000139,1.24149e-06,1.0763e-06,1.8573,1.56562
612,8.5e-05,2.1891e-06,1.7884e-06,1.85967,1.65005
613,0.00026,2.9904e-06,2.74669e-06,1.85531,1.6297
614,8.5e-05,2.6828e-06,1.84435e-06,1.82375,1.66226
615,0.000225,2.23824e-06,1.73143e-06,1.81676,1.61038
616,0.000182,2.00362e-06,1.5707e-06,1.80454,1.62258
617,0.000112,1.21105e-06,1.0529e-06,1.81751,1.66938
618,0.000124,1.17899e-06,1.03459e-06,1.81277,1.62665
619,8.6e-05,1.16777e-06,9.80671e-07,1.83423,1.55646
620,8.2e-05,1.13534e-06,1.01628e-06,1.81003,1.59817
621,8.3e-05,1.1639e-06,9.82706e-07,1.84608,1.63683
622,8.3e-05,1.14644e-06,1.0061e-06,1.83884,1.58494
623,8.3e-05,1.15305e-06,9.97965e-07,1.82026,1.63479
624,8.3e-05,1.15143e-06,1.06205e-06,1.80404,1.73449
625,8.3e-05,1.14357e-06,9.96948e-07,1.78932,1.53204
626,8.3e-05,1.15317e-06,1.06307e-06,1.83972,1.52899
627,8.2e-05,1.1286e-06,9.98983e-07,1.78733,1.55239
628,8.2e-05,1.1432e-06,1.04273e-06,1.80878,1.64395
629,8.5e-05,1.12623e-06,1.03561e-06,1.75689,1.57477
630,9.1e-05,1.15704e-06,9.90844e-07,1.82575,1.59613
631,8.2e-05,1.23138e-06,1.02645e-06,1.82612,1.53713
632,8.2e-05,1.1407e-06,1.09766e-06,1.74118,1.5941
633,8.3e-05,1.0822e-06,9.72533e-07,1.70849,1.55951
634,8.3e-05,1.12648e-06,1.03561e-06,1.79219,1.59817
635,8.6e-05,1.12436e-06,9.87792e-07,1.75876,1.54629
636,8.2e-05,1.1064e-06,9.33876e-07,1.72321,1.49847
637,8.3e-05,1.13783e-06,9.40997e-07,1.76512,1.55544
638,9.4e-05,1.13733e-06,1e-06,1.81714,1.57681
639,8.2e-05,1.13596e-06,1.03866e-06,1.75465,1.66429
640,8.3e-05,1.17126e-06,1.00203e-06,1.81277,1.59817
641,8.2e-05,1.16652e-06,1e-06,1.79818,1.57782
642,8.6e-05,1.14295e-06,9.81689e-07,1.78907,1.54425
643,8.3e-05,1.1276e-06,9.56256e-07,1.76749,1.50153
644,8.3e-05,1.10839e-06,9.97965e-07,1.75627,1.56053
645,8.3e-05,1.14332e-06,1.07833e-06,1.76375,1.52594
646,8.2e-05,1.1649e-06,9.94914e-07,1.76525,1.52187
647,0.000106,1.14756e-06,9.66429e-07,1.80254,1.55341
648,8.3e-05,1.13272e-06,9.90844e-07,1.80554,1.588
649,8.2e-05,1.12536e-06,1.02035e-06,1.72184,1.58087
650,0.0001,1.16315e-06,9.85758e-07,1.7897,1.54323
651,8.6e-05,1.1654e-06,1.03052e-06,1.82138,1.64802
652,8.6e-05,1.29412e-06,1.07833e-06,1.77523,1.50254
653,0.000136,1.83847e-06,1.63174e-06,1.71323,1.53204
654,0.000143,1.54409e-06,1.32859e-06,1.74479,1.5646
655,8.6e-05,1.15018e-06,9.94914e-07,1.74629,1.52085
656,8.7e-05,1.26194e-06,1.05188e-06,1.7549,1.51882
657,8.5e-05,1.41225e-06,1.22889e-06,1.75627,1.51272
658,8.6e-05,1.57777e-06,1.25738e-06,1.78571,1.4588
659,0.000152,1.83061e-06,1.51272e-06,1.77697,1.4883
660,8.3e-05,1.11526e-06,9.82706e-07,1.76051,1.60936
661,8.2e-05,1.14108e-06,1.01831e-06,1.76986,1.60529
662,8.3e-05,1.12349e-06,9.61343e-07,1.76899,1.52899
663,8.3e-05,1.12673e-06,9.7762e-07,1.76275,1.55748
664,0.000106,1.11887e-06,1.03459e-06,1.75539,1.5473
665,8.3e-05,1.12985e-06,9.31841e-07,1.78221,1.53103
666,8.3e-05,1.09779e-06,9.44049e-07,1.74504,1.53001
667,8.2e-05,1.14008e-06,1.04578e-06,1.77411,1.56358
668,8.3e-05,1.12399e-06,9.76602e-07,1.7746,1.53306
669,8.2e-05,1.10266e-06,9.31841e-07,1.71935,1.4822
670,8.2e-05,1.13085e-06,9.32859e-07,1.76313,1.53204
671,8.3e-05,1.37271e-06,1.03255e-06,1.70176,1.46592
672,8.7e-05,1.15193e-06,1.02442e-06,1.76537,1.52187
673,8.5e-05,1.15717e-06,9.3591e-07,1.79381,1.48016
674,8.6e-05,1.10216e-06,9.90844e-07,1.69939,1.51984
675,8.3e-05,1.14532e-06,9.46083e-07,1.76438,1.48627
676,8.2e-05,1.14095e-06,1.01628e-06,1.76912,1.52696
677,8.6e-05,1.16166e-06,9.49135e-07,1.78321,1.41913
678,8.6e-05,1.1296e-06,9.40997e-07,1.74367,1.48423
679,8.5e-05,1.13347e-06,9.52187e-07,1.7413,1.43744
680,0.000108,1.10964e-06,9.38962e-07,1.7428,1.47813
681,8.3e-05,1.11476e-06,8.9115e-07,1.73531,1.41709
682,8.3e-05,1.10004e-06,9.58291e-07,1.71361,1.51577
683,8.6e-05,1.11476e-06,9.56256e-07,1.71872,1.47101
684,8.3e-05,1.12436e-06,9.3591e-07,1.76912,1.46796
685,8.3e-05,1.11101e-06,9.47101e-07,1.70625,1.42726
686,9.3e-05,1.13509e-06,9.38962e-07,1.7534,1.47406
687,8.6e-05,1.1185e-06,9.68464e-07,1.72459,1.44456
688,8.6e-05,1.15143e-06,9.05392e-07,1.763,1.40895
689,9.8e-05,1.11738e-06,9.27772e-07,1.72209,1.44049
690,8.3e-05,1.12374e-06,9.5117e-07,1.73943,1.51373
691,8.2e-05,1.07958e-06,9.27772e-07,1.69976,1.43337
692,8.3e-05,1.06137e-06,9.40997e-07,1.68529,1.4527
693,8.2e-05,1.10353e-06,8.40285e-07,1.71236,1.36317
694,8.2e-05,1.12536e-06,9.17599e-07,1.75228,1.45168
695,8.6e-05,1.14831e-06,1.34791e-06,1.69128,1.45473
696,0.000113,1.1291e-06,9.60326e-07,1.73182,1.39064
697,8.5e-05,1.14419e-06,9.23703e-07,1.73881,1.43845
698,9.9e-05,1.11214e-06,8.95219e-07,1.71086,1.42014
699,8.5e-05,1.12698e-06,9.54222e-07,1.72471,1.44354
700,8.5e-05,1.10116e-06,9.3591e-07,1.66758,1.44557
701,8.6e-05,1.22078e-06,9.89827e-07,1.69901,1.3825
702,8.6e-05,1.13958e-06,9.30824e-07,1.70824,1.43032
703,8.6e-05,1.14307e-06,9.46083e-07,1.69415,1.40488
704,8.5e-05,1.32855e-06,1.09054e-06,1.70138,1.38759
705,8.9e-05,1.49956e-06,1.12818e-06,1.707,1.37538
706,8.5e-05,1.10652e-06,9.84741e-07,1.70762,1.40183
707,8.5e-05,1.13571e-06,9.72533e-07,1.68667,1.39674
708,8.5e-05,1.11351e-06,9.52187e-07,1.70737,1.44964
709,8.6e-05,1.12773e-06,8.89115e-07,1.7509,1.40793
710,8.2e-05,1.10578e-06,9.42014e-07,1.71398,1.40692
711,8.3e-05,1.10066e-06,9.07426e-07,1.69465,1.40285
712,8.5e-05,1.11426e-06,9.32859e-07,1.72197,1.37945
713,0.000102,1.1276e-06,9.23703e-07,1.74342,1.39776
714,8.6e-05,1.09268e-06,9.64395e-07,1.69415,1.46796
715,8.5e-05,1.15056e-06,9.66429e-07,1.72209,1.41404
716,8.2e-05,1.17139e-06,9.57274e-07,1.76487,1.43438
717,0.000114,1.1074e-06,9.21668e-07,1.69353,1.3998
718,8.2e-05,1.13708e-06,8.8708e-07,1.69664,1.37843
719,8.2e-05,1.12424e-06,1.00102e-06,1.68305,1.45778
720,8.5e-05,1.10016e-06,9.06409e-07,1.67095,1.40692
721,8.3e-05,1.07172e-06,9.10478e-07,1.64538,1.34486
722,8.2e-05,1.12885e-06,9.5117e-07,1.70326,1.40183
723,8.3e-05,1.20631e-06,1.01221e-06,1.66322,1.33367
724,8.3e-05,1.11588e-06,9.14547e-07,1.67806,1.34995
725,9.2e-05,1.1291e-06,9.46083e-07,1.68205,1.38555
726,8.7e-05,1.119e-06,8.95219e-07,1.67669,1.34791
727,0.000121,1.09081e-06,8.9115e-07,1.64451,1.29908
728,8.7e-05,1.20906e-06,1.0234e-06,1.7176,1.39573
729,8.3e-05,1.12536e-06,9.32859e-07,1.66534,1.37742
730,8.3e-05,1.13634e-06,1.00814e-06,1.65922,1.3764
731,8.3e-05,1.11738e-06,9.1353e-07,1.69153,1.42421
732,8.3e-05,1.15405e-06,9.05392e-07,1.71486,1.32655
733,8.3e-05,1.15779e-06,9.07426e-07,1.71997,1.37945
734,8.6e-05,1.12361e-06,8.69786e-07,1.67669,1.3469
735,0.000152,1.30248e-06,1.03764e-06,1.68941,1.35707
736,0.000142,1.85593e-06,1.31333e-06,1.69989,1.38047
737,0.00014,1.23962e-06,9.84741e-07,1.66234,1.34893
738,0.000141,1.12498e-06,9.21668e-07,1.66396,1.31841
739,9.3e-05,1.19633e-06,9.91862e-07,1.69565,1.38555
740,8.6e-05,1.12935e-06,8.94201e-07,1.67482,1.33469
741,8.5e-05,1.1049e-06,8.72838e-07,1.70188,1.28281
742,8.6e-05,1.12511e-06,9.90844e-07,1.73082,1.35504
743,9.5e-05,1.14345e-06,9.60326e-07,1.67843,1.36317
744,8.3e-05,1.09667e-06,9.30824e-07,1.67369,1.38454
745,8.4e-05,1.09517e-06,9.60326e-07,1.66995,1.34588
746,8.3e-05,1.09941e-06,8.76907e-07,1.67319,1.32146
747,8.5e-05,1.10091e-06,9.48118e-07,1.68267,1.34893
748,8.3e-05,1.11763e-06,8.97253e-07,1.70775,1.27569
749,8.3e-05,1.11738e-06,8.85046e-07,1.68193,1.27874
750,8.3e-05,1.14943e-06,8.63683e-07,1.72683,1.31638
751,8.3e-05,1.13122e-06,9.52187e-07,1.64999,1.35198
752,8.4e-05,1.08869e-06,9.44049e-07,1.6344,1.30519
753,0.000114,1.12099e-06,9.34893e-07,1.65486,1.35504
754,8.2e-05,1.10802e-06,9.17599e-07,1.66459,1.3174
755,0.000162,1.22565e-06,9.50153e-07,1.67432,1.27976
756,8.6e-05,1.12798e-06,9.52187e-07,1.67394,1.34486
757,0.000109,1.12735e-06,9.12513e-07,1.6697,1.30621
758,8.3e-05,1.19122e-06,8.93184e-07,1.62817,1.29095
759,8.3e-05,1.1306e-06,9.1353e-07,1.67207,1.30926
760,8.6e-05,1.09405e-06,9.17599e-07,1.64251,1.2706
761,8.3e-05,1.10952e-06,1.01729e-06,1.6606,1.42625
762,0.000128,1.09417e-06,9.08444e-07,1.6455,1.26043
763,0.000114,1.14382e-06,9.08444e-07,1.61407,1.30519
764,8.3e-05,1.10952e-06,9.07426e-07,1.69016,1.33571
765,8.3e-05,1.10839e-06,8.99288e-07,1.65099,1.33876
766,8.3e-05,1.11887e-06,8.76907e-07,1.63877,1.29502
767,8.6e-05,1.14706e-06,9.25738e-07,1.65885,1.33571
768,8.6e-05,1.08657e-06,8.97253e-07,1.65124,1.33978
769,8.6e-05,1.05538e-06,9.22686e-07,1.59723,1.28179
770,8.3e-05,1.09268e-06,8.56562e-07,1.65486,1.27162
771,8.3e-05,1.1422e-06,9.84741e-07,1.6833,1.30722
772,8.3e-05,1.1281e-06,8.99288e-07,1.66459,1.30112
773,8.4e-05,1.11725e-06,9.48118e-07,1.66147,1.3591
774,8.6e-05,1.09505e-06,9.01322e-07,1.66559,1.29603
775,8.3e-05,1.11239e-06,9.58291e-07,1.66259,1.26144
776,8.3e-05,1.08706e-06,8.71821e-07,1.64463,1.26348
777,8.3e-05,1.1861e-06,1.0234e-06,1.66359,1.30926
778,9.1e-05,1.61594e-06,1.04374e-06,1.67644,1.33367
779,8.6e-05,1.7156e-06,1.29908e-06,1.6576,1.26144
780,9.9e-05,2.86653e-06,1.60122e-06,1.69415,1.27263
781,0.000195,3.45366e-06,1.588e-06,1.70625,1.24924
782,0.000144,1.6122e-06,1.22584e-06,1.60596,1.16684
783,0.000145,1.52563e-06,1.44252e-06,1.6137,1.23703
784,8.6e-05,1.07808e-06,8.96236e-07,1.61993,1.29196
785,0.000114,1.76438e-06,9.04374e-07,1.66134,1.25636
786,9.9e-05,1.13409e-06,9.34893e-07,1.61931,1.26551
787,8.3e-05,1.1074e-06,8.89115e-07,1.62367,1.27162
788,8.3e-05,1.14145e-06,1.06918e-06,1.62168,1.294
789,8.6e-05,1.37358e-06,1.18922e-06,1.63839,1.31333
790,0.000134,1.17488e-06,1.0295e-06,1.60846,1.22177
791,8.4e-05,1.14108e-06,9.70498e-07,1.62966,1.25331
792,8.6e-05,1.2844e-06,8.94201e-07,1.66409,1.26246
793,8.6e-05,1.2113e-06,9.27772e-07,1.65985,1.23194
794,0.000135,2.00536e-06,1.18515e-06,1.66247,1.353
795,8.4e-05,1.26706e-06,1.01628e-06,1.61557,1.24619
796,0.000116,1.2728e-06,1.01933e-06,1.62106,1.21363
797,8.4e-05,1.07347e-06,8.57579e-07,1.59973,1.23499
798,8.3e-05,1.10029e-06,8.4944e-07,1.63278,1.24517
799,8.3e-05,1.05152e-06,8.17904e-07,1.61045,1.20651
800,8.3e-05,1.1074e-06,8.4944e-07,1.65174,1.26144
801,8.3e-05,1.0948e-06,8.93184e-07,1.60871,1.26246
802,8.3e-05,1.07684e-06,8.647e-07,1.60871,1.23194
803,9.7e-05,1.09492e-06,8.44354e-07,1.66134,1.22787
804,8.3e-05,1.10091e-06,8.21974e-07,1.65486,1.19329
805,8.3e-05,1.05663e-06,8.70804e-07,1.60322,1.25331
806,8.3e-05,1.11812e-06,8.8708e-07,1.64987,1.23194
807,8.3e-05,1.07185e-06,9.20651e-07,1.5769,1.2706
808,8.3e-05,1.0701e-06,8.19939e-07,1.60521,1.2645
809,8.3e-05,1.18835e-06,9.7762e-07,1.64475,1.20549
810,8.5e-05,1.24186e-06,9.31841e-07,1.61893,1.24924
811,8.7e-05,1.12174e-06,9.30824e-07,1.66995,1.24924
812,9.5e-05,1.29737e-06,1.15666e-06,1.62679,1.25432
813,0.000254,1.14931e-06,9.45066e-07,1.5779,1.16073
814,0.00014,1.26955e-06,1.12818e-06,1.61095,1.23398
815,0.000157,1.47948e-06,1.1353e-06,1.62305,1.24313
816,0.000129,1.52301e-06,1.20041e-06,1.60808,1.30315
817,8.7e-05,1.41138e-06,1.13937e-06,1.59785,1.30926
818,8.6e-05,1.70301e-06,1.18006e-06,1.58725,1.24415
819,0.000189,1.25209e-06,1.01322e-06,1.62779,1.20142
820,8.6e-05,1.09592e-06,8.81994e-07,1.61357,1.18718
821,8.5e-05,1.45478e-06,1.16582e-06,1.65723,1.2472
822,8.7e-05,1.77435e-06,1.51068e-06,1.60309,1.2411
823,0.000111,2.0232e-06,1.03561e-06,1.64451,1.24822
824,8.6e-05,1.07122e-06,8.43337e-07,1.62268,1.20956
825,8.6e-05,1.09654e-06,9.01322e-07,1.64176,1.18311
826,8.6e-05,1.06274e-06,8.28077e-07,1.60471,1.2767
827,8.5e-05,1.07434e-06,8.88098e-07,1.59985,1.24822
828,0.000107,1.08582e-06,8.86063e-07,1.67793,1.294
829,8.3e-05,1.0963e-06,8.19939e-07,1.61981,1.19125
830,8.3e-05,1.02046e-06,8.83011e-07,1.56006,1.2177
831,8.2e-05,1.09118e-06,8.62665e-07,1.57827,1.19634
832,8.5e-05,1.10565e-06,9.72533e-07,1.60733,1.26755
833,9.8e-05,1.10453e-06,8.68769e-07,1.64101,1.20041
834,8.6e-05,1.08894e-06,8.56562e-07,1.57852,1.17294
835,0.000275,1.10266e-06,8.76907e-07,1.61133,1.15972
836,8.7e-05,1.03156e-06,8.28077e-07,1.55969,1.17803
837,8.7e-05,1.05526e-06,8.57579e-07,1.58813,1.24822
838,8.6e-05,1.05214e-06,8.48423e-07,1.60721,1.18006
839,8.3e-05,1.04166e-06,8.36216e-07,1.55732,1.23703
840,8.2e-05,1.09929e-06,9.19634e-07,1.57727,1.21261
841,8.3e-05,1.13696e-06,9.50153e-07,1.61968,1.20244
842,8.2e-05,1.06411e-06,8.62665e-07,1.61195,1.1943
843,8.3e-05,1.03318e-06,8.55544e-07,1.59623,1.21465
844,0.000125,1.03929e-06,8.9115e-07,1.55582,1.20753
845,8.5e-05,1.06586e-06,8.39268e-07,1.5905,1.20041
846,8.5e-05,1.05675e-06,8.68769e-07,1.56904,1.18718
847,8.5e-05,1.02719e-06,8.97253e-07,1.56156,1.26246
848,8.5e-05,1.09592e-06,7.97558e-07,1.62093,1.12614
849,8.2e-05,1.07035e-06,8.07731e-07,1.63253,1.14852
850,8.2e-05,1.06162e-06,8.30112e-07,1.57877,1.20142
851,9.2e-05,1.03505e-06,8.71821e-07,1.55607,1.17803
852,8.3e-05,1.04977e-06,9.3998e-07,1.57777,1.19023
853,8.2e-05,1.04391e-06,9.32859e-07,1.55869,1.22889
854,8.2e-05,1.04129e-06,8.42319e-07,1.57515,1.14344
855,8.2e-05,1.07272e-06,8.56562e-07,1.56031,1.17497
856,8.2e-05,1.13883e-06,8.86063e-07,1.59561,1.20753
857,8.5e-05,1.14008e-06,9.01322e-07,1.58401,1.17192
858,8.3e-05,1.06199e-06,8.55544e-07,1.59898,1.21567
859,0.000108,1.04952e-06,8.13835e-07,1.53624,1.19023
860,8.4e-05,1.06761e-06,8.2706e-07,1.56792,1.17091
861,8.2e-05,1.07671e-06,8.42319e-07,1.55532,1.15158
862,8.3e-05,1.05875e-06,8.02645e-07,1.57827,1.12818
863,8.3e-05,1.05912e-06,7.87386e-07,1.57116,1.13937
864,8.3e-05,1.04016e-06,8.42319e-07,1.56941,1.15666
865,8.3e-05,1.01709e-06,8.57579e-07,1.53087,1.19939
866,8.2e-05,1.04004e-06,7.91455e-07,1.57228,1.17599
867,8.6e-05,1.05401e-06,8.03662e-07,1.57727,1.14852
868,8.2e-05,1.04915e-06,8.24008e-07,1.57939,1.20346
869,8.3e-05,1.03518e-06,7.91455e-07,1.56255,1.11902
870,8.3e-05,1.09916e-06,8.07731e-07,1.60309,1.16582
871,8.3e-05,1.05002e-06,7.5178e-07,1.56492,1.09969
872,8.5e-05,1.10341e-06,8.63683e-07,1.56567,1.15463
873,8.3e-05,1.0489e-06,8.16887e-07,1.53661,1.14344
874,8.3e-05,1.03231e-06,8.01628e-07,1.58912,1.11089
875,8.3e-05,1.06598e-06,8.67752e-07,1.62343,1.13835
876,0.000153,1.02931e-06,8.0468e-07,1.52601,1.1119
877,8.6e-05,1.04341e-06,8.44354e-07,1.57353,1.11902
878,8.6e-05,1.03842e-06,8.44354e-07,1.55432,1.14446
879,8.6e-05,1.05513e-06,7.95524e-07,1.589,1.13733
880,8.3e-05,1.03443e-06,8.55544e-07,1.5542,1.16887
881,8.3e-05,1.14918e-06,9.25738e-07,1.5653,1.19837
882,8.2e-05,1.01659e-06,8.50458e-07,1.54621,1.15056
883,8.6e-05,1.10178e-06,8.14852e-07,1.63877,1.16582
884,0.000149,1.16665e-06,9.06409e-07,1.57415,1.14954
885,8.5e-05,1.41749e-06,8.66734e-07,1.51503,1.14649
886,8.5e-05,1.71099e-06,7.82299e-07,1.60147,1.09563
887,9.4e-05,1.04777e-06,9.01322e-07,1.52538,1.14751
888,9.9e-05,1.07222e-06,8.01628e-07,1.55744,1.13428
889,8.3e-05,1.08307e-06,8.06714e-07,1.57515,1.09969
890,0.000142,1.55457e-06,9.12513e-07,1.54185,1.15666
891,8.5e-05,1.31645e-06,9.7762e-07,1.56854,1.09156
892,0.000103,1.28851e-06,9.19634e-07,1.52688,1.11801
893,9.2e-05,1.02495e-06,8.42319e-07,1.5406,1.1353
894,9.5e-05,1.14956e-06,8.71821e-07,1.5391,1.10275
895,8.3e-05,1.08482e-06,8.45371e-07,1.57465,1.12614
896,8.3e-05,1.02382e-06,7.86368e-07,1.53811,1.15972
897,0.00012,1.05239e-06,8.4944e-07,1.56318,1.14344
898,9.6e-05,1.03755e-06,8.51475e-07,1.55021,1.13021
899,8.5e-05,1.03779e-06,8.55544e-07,1.52838,1.13733
900,8.7e-05,1.05314e-06,8.73856e-07,1.54322,1.15666
901,8.6e-05,1.04204e-06,7.82299e-07,1.53037,1.09257
902,8.5e-05,1.31758e-06,9.80671e-07,1.64313,1.09257
903,8.6e-05,1.70326e-06,9.52187e-07,1.55944,1.14852
904,0.000142,1.33753e-06,9.6236e-07,1.53287,1.00814
905,8.6e-05,1.08856e-06,8.32146e-07,1.52276,1.07731
906,8.6e-05,1.14569e-06,8.93184e-07,1.59586,1.12818
907,0.00014,1.62829e-06,1.14649e-06,1.60235,1.03459
908,0.000149,1.3167e-06,1.0061e-06,1.55008,1.07121
909,0.000126,1.19908e-06,8.66734e-07,1.59885,1.03459
910,8.6e-05,1.07222e-06,8.03662e-07,1.56368,1.06511
911,8.6e-05,1.08869e-06,8.56562e-07,1.56293,1.13021
912,0.000132,1.12823e-06,8.03662e-07,1.5663,1.07019
913,8.2e-05,1.03767e-06,7.93489e-07,1.52526,1.04578
914,8.3e-05,1.10191e-06,8.14852e-07,1.56505,1.06918
915,8.6e-05,1.07409e-06,7.99593e-07,1.49046,1.03052
916,8.5e-05,1.06586e-06,8.31129e-07,1.55757,1.12106
917,8.3e-05,1.02046e-06,8.34181e-07,1.5179,1.06104
918,0.000112,1.05339e-06,8.57579e-07,1.55831,1.12208
919,9.2e-05,1.119e-06,7.52798e-07,1.61095,1.07833
920,8.3e-05,1.03917e-06,7.7823e-07,1.54322,1.11089
921,8.6e-05,1.19172e-06,8.14852e-07,1.55382,1.07223
922,8.7e-05,1.09842e-06,8.84028e-07,1.51877,1.08037
923,9.9e-05,1.04578e-06,8.21974e-07,1.50805,1.09868
924,0.000114,1.05351e-06,8.12818e-07,1.52364,1.07935
925,8.3e-05,1.08806e-06,8.29095e-07,1.58376,1.08037
926,8.3e-05,1.09168e-06,8.17904e-07,1.52189,1.07731
927,9.8e-05,1.07783e-06,8.37233e-07,1.57029,1.10885
928,0.00014,1.08357e-06,8.32146e-07,1.50892,1.03866
929,0.000116,1.08906e-06,8.09766e-07,1.57079,1.07833
930,9.4e-05,1.09505e-06,8.73856e-07,1.52301,1.05493
931,0.00013,1.824e-06,1.48525e-06,1.53923,1.08749
932,0.00045,2.21854e-06,1.79756e-06,1.49495,1.07426
933,0.000243,2.11014e-06,1.66938e-06,1.53524,1.03967
934,9.5e-05,1.98017e-06,1.70397e-06,1.57116,1.06816
935,8.6e-05,1.93402e-06,1.63581e-06,1.50742,1.04781
936,0.000141,1.32269e-06,9.65412e-07,1.53998,1.09359
937,8.6e-05,1.05077e-06,8.47406e-07,1.52888,1.07528
938,0.000101,1.02831e-06,8.36216e-07,1.52289,1.05697
939,8.3e-05,1.01559e-06,7.99593e-07,1.54335,1.0234
940,8.3e-05,1.01809e-06,7.20244e-07,1.51827,1.00916
941,8.3e-05,1.10465e-06,8.54527e-07,1.55158,1.05595
942,8.3e-05,1.03942e-06,7.60936e-07,1.58825,1.04985
943,9.2e-05,1.03592e-06,8.83011e-07,1.54172,1.01221
944,8.3e-05,1.03156e-06,8.09766e-07,1.4962,1.03967
945,0.000124,1.0565e-06,7.68057e-07,1.52701,1.0529
946,8.3e-05,1.03093e-06,8.12818e-07,1.55707,1.07833
947,8.6e-05,1.31857e-06,9.36928e-07,1.58713,1.08342
948,8.7e-05,1.25384e-06,9.06409e-07,1.50268,1.04069
949,0.000124,1.26593e-06,8.80977e-07,1.55856,1.04476
950,8.3e-05,1.00025e-06,8.21974e-07,1.50056,1.05697
951,8.5e-05,1.05626e-06,7.88403e-07,1.529,1.10173
952,8.4e-05,1.01397e-06,7.94507e-07,1.54721,1.09054
953,8.3e-05,1.02482e-06,7.73143e-07,1.53811,1.08952
954,8.3e-05,9.86279e-07,7.61953e-07,1.46988,1.01526
955,8.3e-05,1.10266e-06,7.82299e-07,1.57765,1.02747
956,8.3e-05,9.74429e-07,8.3825e-07,1.48734,1.04578
957,8.3e-05,9.84283e-07,7.41607e-07,1.52189,1.05595
958,0.000166,9.92142e-07,7.35504e-07,1.48759,1.03662
959,9.4e-05,1.02245e-06,7.70092e-07,1.52152,1.02035
960,9.5e-05,9.94761e-07,7.42625e-07,1.5194,1.0468
961,8.3e-05,1.32007e-06,9.32859e-07,1.51453,1.11292
962,8.6e-05,1.2592e-06,9.68464e-07,1.51565,1.07223
963,0.000139,1.32805e-06,9.46083e-07,1.51254,1.02035
964,0.000104,1.00873e-06,7.69074e-07,1.5038,1.04273
965,8.5e-05,1.37183e-06,1.02442e-06,1.49545,1.06307
966,8.6e-05,1.06199e-06,8.84028e-07,1.53549,1.05799
967,8.7e-05,1.24149e-06,8.44354e-07,1.50792,1.03255
968,0.000275,1.45316e-06,1.15158e-06,1.52401,1.06816
969,0.000144,1.7393e-06,1.27162e-06,1.4962,1.05595
970,0.000185,1.86254e-06,1.21058e-06,1.51091,1.01424
971,0.000143,1.68779e-06,1.2472e-06,1.51466,1.03459
972,0.00014,1.47848e-06,1.14344e-06,1.53399,1.05493
973,8.7e-05,1.60185e-06,1.22889e-06,1.52039,1.03764
974,0.000137,2.02033e-06,1.50661e-06,1.47125,0.945066
975,0.000138,3.55607e-06,3.07731e-06,1.55058,0.990844
976,0.001018,1.89485e-06,1.0529e-06,1.53399,0.97762
977,0.000152,1.93165e-06,1.33672e-06,1.54958,1.03154
978,0.000155,2.07309e-06,1.18515e-06,1.51466,1.01628
979,0.00015,2.01297e-06,1.25127e-06,1.48335,1.02442
980,0.000194,1.57515e-06,9.96948e-07,1.49595,1.01729
981,0.000163,2.14669e-06,1.22279e-06,1.4811,1.03255
982,8.6e-05,1.32431e-06,9.78637e-07,1.52663,1.03866
983,8.7e-05,1.06848e-06,7.66022e-07,1.51241,0.968464
984,8.6e-05,1.19808e-06,9.14547e-07,1.53848,1.01424
985,8.6e-05,1.02669e-06,7.77213e-07,1.47013,1.02238
986,8.6e-05,1.11101e-06,7.55849e-07,1.52888,1.02136
987,8.3e-05,1.13097e-06,8.51475e-07,1.51628,0.960326
988,8.7e-05,1.07971e-06,8.36216e-07,1.54796,0.980671
989,0.000125,1.04391e-06,7.46694e-07,1.56093,0.98881
990,8.6e-05,1.04703e-06,7.98576e-07,1.50193,1.03357
991,8.6e-05,1.04154e-06,7.61953e-07,1.52725,0.980671
992,8.6e-05,1.04316e-06,8.25025e-07,1.51141,0.990844
993,8.3e-05,1.03692e-06,7.53815e-07,1.55158,1.02645
994,8.2e-05,1.0948e-06,8.08749e-07,1.52925,1.01119
995,8.3e-05,1.01834e-06,7.48728e-07,1.49919,1.00814
996,9.8e-05,1.06212e-06,8.01628e-07,1.49146,1.04171
997,8.6e-05,1.08482e-06,8.19939e-07,1.50243,1.02442
998,8.7e-05,1.07447e-06,8.50458e-07,1.46339,1.00203
999,8.6e-05,1.04366e-06,7.92472e-07,1.53935,1.00203
1000,8.5e-05,1.07122e-06,8.34181e-07,1.5189,1.03052

